,f1,precision,recall,roc_auc
0,0.5552627282692353,0.6114335610457651,0.508544087491456,0.872505546788788
