,mean_fit_time,mean_score_time,param_n_neighbors,mean_test_f1,rank_test_f1,mean_test_precision,rank_test_precision,mean_test_recall,rank_test_recall,mean_test_roc_auc,rank_test_roc_auc
0,0.09064111709594727,18.490218019485475,1,0.5053581857931161,3,0.45791221739412746,5,0.5638173025586266,1,0.7680438030869612,5
1,0.08031764030456542,18.252755451202393,3,0.5224045542103573,1,0.5856407239897711,4,0.47153824478303924,2,0.8579483324472962,4
2,0.08041458129882813,17.56692271232605,5,0.5093112096094399,2,0.6707703055007815,3,0.4105525666123637,3,0.8894946170847866,3
3,0.0795217514038086,17.60036430358887,7,0.4790993502678111,4,0.7147835189288166,2,0.3603564599960756,4,0.9023133706503549,2
4,0.08081536293029785,18.31997766494751,9,0.44204461930334277,5,0.7483244495350406,1,0.31368240082869014,5,0.9108274096389115,1
