,f1,precision,recall,roc_auc
0,0.997239401656359,0.9990995240341324,0.9953861927546138,0.9999948978557811
