,mean_fit_time,mean_score_time,param_max_depth,mean_test_f1,rank_test_f1,mean_test_precision,rank_test_precision,mean_test_recall,rank_test_recall,mean_test_roc_auc,rank_test_roc_auc
0,9.044999742507935,0.3445243835449219,5,0.986036055456821,8,0.9724575142017648,8,1.0,1,0.9994114994659326,3
1,9.838410472869873,0.343474292755127,10,0.9971509681571795,3,0.994392101527605,7,0.9999252376375093,2,0.9999481823308628,1
2,10.354326534271241,0.34828882217407225,15,0.9972611960047646,1,0.9950980059255597,6,0.9994339421125706,3,0.9997051015855847,2
3,10.169964694976807,0.33368430137634275,20,0.9971569818927547,2,0.9960043111376308,5,0.9983125066752109,4,0.9991349760671442,4
4,10.292660665512084,0.34639692306518555,25,0.9970908057234882,4,0.9966813365410058,4,0.9975008010253124,5,0.9987186316840899,5
5,10.140934944152832,0.3470765113830566,30,0.9970572492681151,6,0.9971585428886426,3,0.9969561038128806,6,0.9984276257578305,6
6,10.451781940460204,0.34457077980041506,35,0.9970836494991794,5,0.9972862255597592,2,0.9968813414503899,7,0.9983860702010755,7
7,9.919832181930541,0.34507031440734864,40,0.9970193177991347,7,0.9972964941702613,1,0.9967424970629072,8,0.9983151057553279,8
