,f1,precision,recall,roc_auc
0,0.9970600766936515,0.9944331123576406,0.999700956937799,0.9998401300842296
